,VIX,Returns
2019-01-01,23.22,
2019-01-02,23.22,0.0
2019-01-03,25.45,0.0917017667267863
2019-01-04,21.38,-0.1742598373996326
2019-01-07,21.4,0.0009350164309066464
2019-01-08,20.47,-0.0444305223546076
2019-01-09,19.98,-0.024228626452790673
2019-01-10,19.5,-0.024317307650706357
2019-01-11,18.19,-0.06954247303967012
2019-01-14,19.07,0.04724442708229684
2019-01-15,18.6,-0.024954838893172026
2019-01-16,19.04,0.0233804486440635
2019-01-17,18.06,-0.052842481374379933
2019-01-18,17.8,-0.014501090690799844
2019-01-21,17.8,0.0
2019-01-22,20.8,0.1557545294092328
2019-01-23,19.52,-0.06351340572232586
2019-01-24,18.89,-0.032806899471528234
2019-01-25,17.42,-0.0810137100890614
2019-01-28,18.87,0.0799543879561021
2019-01-29,19.13,0.01368442407170247
2019-01-30,17.66,-0.07995558827634748
2019-01-31,16.57,-0.06370836373734234
2019-02-01,16.14,-0.02629316859666884
2019-02-04,15.73,-0.02573094577161635
2019-02-05,15.57,-0.010223731224279503
2019-02-06,15.38,-0.012278021768409008
2019-02-07,16.37,0.062382427305545586
2019-02-08,15.72,-0.04051660438198309
2019-02-11,15.97,0.01577817522586049
2019-02-12,15.43,-0.03439829585185171
2019-02-13,15.65,0.014157250611092754
2019-02-14,16.22,0.03577413170110465
2019-02-15,14.91,-0.08421291991061974
2019-02-18,14.91,0.0
2019-02-19,14.88,-0.002014099371701145
2019-02-20,14.02,-0.059533147798501836
2019-02-21,14.46,0.030901335124174777
2019-02-22,13.51,-0.06795606475851125
2019-02-25,14.85,0.09456971327660123
2019-02-26,15.17,0.021319928111732247
2019-02-27,14.7,-0.03147229957575032
2019-02-28,14.78,0.005427421735365015
2019-03-01,13.57,-0.08541344167327787
2019-03-04,14.63,0.0752127411852551
2019-03-05,14.74,0.007490671729157659
2019-03-06,15.74,0.06564035622806655
2019-03-07,16.59,0.05259486121309593
2019-03-08,16.05,-0.03309125462632822
2019-03-11,14.33,-0.11335360773594438
2019-03-12,13.77,-0.039862929099517073
2019-03-13,13.41,-0.026491615446976226
2019-03-14,13.5,0.006688988150796489
2019-03-15,12.88,-0.04701396476817609
2019-03-18,13.1,0.016936509530898255
2019-03-19,13.56,0.03451205230514368
2019-03-20,13.91,0.02548372342310198
2019-03-21,13.63,-0.02033476022691022
2019-03-22,16.48,0.18987427877288446
2019-03-25,16.33,-0.009143617498952032
2019-03-26,14.68,-0.10651788379600413
2019-03-27,15.15,0.031514508769008735
2019-03-28,14.43,-0.04869115916959869
2019-03-29,13.71,-0.051183879211556364
2019-04-01,13.4,-0.022870786617357405
2019-04-02,13.36,-0.0029895388483660483
2019-04-03,13.74,0.02804611868570375
2019-04-04,13.58,-0.011713164663653203
2019-04-05,12.82,-0.05759167063802611
2019-04-08,13.18,0.027694077581837222
2019-04-09,14.28,0.08015942783707708
2019-04-10,13.3,-0.0710959216837301
2019-04-11,13.02,-0.021277398447284965
2019-04-12,12.01,-0.08074700068853098
2019-04-15,12.32,0.025484322013481556
2019-04-16,12.18,-0.011428695823622857
2019-04-17,12.6,0.033901551675681416
2019-04-18,12.09,-0.041318149330730976
2019-04-19,12.09,0.0
2019-04-22,12.42,0.026929411878631328
2019-04-23,12.28,-0.011336153786336352
2019-04-24,13.14,0.06768909033746807
2019-04-25,13.25,0.008336539375766623
2019-04-26,12.73,-0.04003613986291601
2019-04-29,13.11,0.02941388520629319
2019-04-30,13.12,0.0007624857403343954
2019-05-01,14.8,0.1204893972541265
2019-05-02,14.42,-0.026011048913266433
2019-05-03,12.87,-0.1137171102487678
2019-05-06,15.44,0.18206252298859477
2019-05-07,19.32,0.22417928418774183
2019-05-08,19.4,0.00413223728491037
2019-05-09,19.1,-0.01558473101669809
2019-05-10,16.04,-0.17460273261421583
2019-05-13,20.55,0.24777533850387526
2019-05-14,18.06,-0.12916139295340437
2019-05-15,16.44,-0.0939821583608053
2019-05-16,15.29,-0.07251836968706304
2019-05-17,15.96,0.042886572080691826
2019-05-20,16.31,0.021692824611259754
2019-05-21,14.95,-0.08706711679622699
2019-05-22,14.75,-0.013468217050866593
2019-05-23,16.92,0.1372532713922485
2019-05-24,15.85,-0.06532685385478766
2019-05-27,15.85,0.0
2019-05-28,17.5,0.09903138060617876
2019-05-29,17.9,0.022599831917240777
2019-05-30,17.3,-0.0340942113429759
2019-05-31,18.71,0.07835163878226507
2019-06-03,18.86,0.00798513691931305
2019-06-04,16.97,-0.1055961979591765
2019-06-05,16.09,-0.05324911824184309
2019-06-06,15.93,-0.009993837082334717
2019-06-07,16.3,0.022960983890759512
2019-06-10,15.94,-0.022333434450647765
2019-06-11,15.99,0.00313185348379388
2019-06-12,15.91,-0.005015684496167357
2019-06-13,15.82,-0.005672880010187653
2019-06-14,15.28,-0.03473017860113339
2019-06-17,15.35,0.004570690294831766
2019-06-18,15.15,-0.013114942077828018
2019-06-19,14.33,-0.05564529011529768
2019-06-20,14.75,0.02888784094574829
2019-06-21,15.4,0.04312442663375462
2019-06-24,15.26,-0.009132483563272587
2019-06-25,16.28,0.0647023347180834
2019-06-26,16.21,-0.0043090248268094706
2019-06-27,15.82,-0.024353373408077007
2019-06-28,15.08,-0.04790559975969786
2019-07-01,14.06,-0.07003547619729111
2019-07-02,12.93,-0.08378369359875283
2019-07-03,12.57,-0.028237170181609997
2019-07-04,12.57,0.0
2019-07-05,13.28,0.054946121446131695
2019-07-08,13.96,0.04993695328593881
2019-07-09,14.09,0.00926922857636247
2019-07-10,13.03,-0.07821093477383509
2019-07-11,12.93,-0.007704198352987564
2019-07-12,12.39,-0.04266049714271494
2019-07-15,12.68,0.023136253368028808
2019-07-16,12.86,0.014095769800393376
2019-07-17,13.97,0.08279045445939719
2019-07-18,13.53,-0.03200273108617383
2019-07-19,14.45,0.0657849723757446
2019-07-22,13.53,-0.06578497237574447
2019-07-23,12.61,-0.07041929220586848
2019-07-24,12.07,-0.04376711486738801
2019-07-25,12.74,0.0540236150345772
2019-07-26,12.16,-0.0465947736059963
2019-07-29,12.83,0.05363430208952412
2019-07-30,13.94,0.08297622670483266
2019-07-31,16.12,0.1452983317461045
2019-08-01,17.87,0.10306259209285434
2019-08-02,17.61,-0.014656406663221957
2019-08-05,24.59,0.3338729337199865
2019-08-06,20.17,-0.19814350426198063
2019-08-07,19.49,-0.034294838446651106
2019-08-08,16.91,-0.14199635060898044
2019-08-09,17.97,0.06079853788497872
2019-08-12,21.09,0.16009529369521552
2019-08-13,17.52,-0.18545590898243783
2019-08-14,22.1,0.2322345230154619
2019-08-15,21.18,-0.04252026835044681
2019-08-16,18.47,-0.13690954596211183
2019-08-19,16.88,-0.09001830504333753
2019-08-20,17.5,0.03607139176165744
2019-08-21,15.8,-0.10219094089654719
2019-08-22,16.68,0.05420045689767944
2019-08-23,19.87,0.1750006596331249
2019-08-26,19.32,-0.028070227779353526
2019-08-27,20.31,0.04997254680792123
2019-08-28,19.35,-0.048420956116502364
2019-08-29,17.88,-0.0790096497304228
2019-08-30,18.98,0.05970302343641376
2019-09-02,18.98,0.0
2019-09-03,19.66,0.03520032153723869
2019-09-04,17.33,-0.12614701099150588
2019-09-05,16.27,-0.06311618249656815
2019-09-06,15.0,-0.08127272012873638
2019-09-09,15.27,0.017839918128331016
2019-09-10,15.2,-0.004594691378310417
2019-09-11,14.61,-0.039589202089622626
2019-09-12,14.22,-0.02705680138751319
2019-09-13,13.74,-0.03433813758089157
2019-09-16,14.67,0.06549330536068707
2019-09-17,14.44,-0.01580245869021021
2019-09-18,13.95,-0.034522625197305604
2019-09-19,14.05,0.007142887512380204
2019-09-20,15.32,0.08653676853269039
2019-09-23,14.91,-0.027127035535798243
2019-09-24,17.05,0.13411807495287872
2019-09-25,15.96,-0.06606461170786312
2019-09-26,16.07,0.00686858772775858
2019-09-27,17.22,0.06911731925016337
2019-09-30,16.24,-0.05859416426605282
2019-10-01,18.56,0.13353139262452257
2019-10-02,20.56,0.10233871322890992
2019-10-03,19.12,-0.07261253296370898
2019-10-04,17.04,-0.11517138622208563
2019-10-07,17.86,0.04700005404718329
2019-10-08,20.28,0.1270716032746296
2019-10-09,18.64,-0.08432536946553726
2019-10-10,17.57,-0.059116907058439326
2019-10-11,15.58,-0.12020486175640367
2019-10-14,14.57,-0.06702342023548868
2019-10-15,13.54,-0.07331635272298458
2019-10-16,13.68,0.010286644710275525
2019-10-17,13.79,0.008008779610806047
2019-10-18,14.25,0.03281321490944922
2019-10-21,14.0,-0.017699577099400975
2019-10-22,14.46,0.03232888711536007
2019-10-23,14.01,-0.03161485638170311
2019-10-24,13.71,-0.02164586677469255
2019-10-25,12.65,-0.0804682784006938
2019-10-28,13.11,0.035718082602079246
2019-10-29,13.2,0.006841531816716784
2019-10-30,12.33,-0.06818151241607213
2019-10-31,13.22,0.06969551724728738
2019-11-01,12.3,-0.07213157204516843
2019-11-04,12.83,0.042186916249173145
2019-11-05,13.1,0.020826051579560797
2019-11-06,12.62,-0.037329373094038755
2019-11-07,12.73,0.008678555456248249
2019-11-08,12.07,-0.053238377459875044
2019-11-11,12.69,0.050091246616856135
2019-11-12,12.68,-0.0007883327172164291
2019-11-13,13.0,0.024923408452456934
2019-11-14,13.05,0.003838776307165667
2019-11-15,12.05,-0.0797234738320384
2019-11-18,12.46,0.03345885342264318
2019-11-19,12.86,0.03159820545016623
2019-11-20,12.78,-0.006240269860084623
2019-11-21,13.13,0.027018239365316134
2019-11-22,12.34,-0.062053669837463084
2019-11-25,11.87,-0.038831809855665186
2019-11-26,11.54,-0.028194947541623175
2019-11-27,11.75,0.018033979510214532
2019-11-28,11.75,0.0
2019-11-29,12.62,0.071429616522899
2019-12-02,14.91,0.16674927166358008
2019-12-03,15.96,0.06805346324501578
2019-12-04,14.8,-0.07545841125159339
2019-12-05,14.52,-0.019100171373419378
2019-12-06,13.62,-0.06398770867528374
2019-12-09,15.86,0.15226091548533557
2019-12-10,15.68,-0.011414201284440123
2019-12-11,14.99,-0.04500270280775544
2019-12-12,13.94,-0.07262090678212861
2019-12-13,12.63,-0.09868746896997799
2019-12-16,12.14,-0.039569150731047595
2019-12-17,12.29,0.012280137946591151
2019-12-18,12.58,0.02332232769435099
2019-12-19,12.5,-0.00637960696403904
2019-12-20,12.51,0.0007996801705642441
2019-12-23,12.61,0.007961825498008442
2019-12-24,12.67,0.004746844356219477
2019-12-25,12.67,0.0
2019-12-26,12.65,-0.0015797791595183908
2019-12-27,13.43,0.059833795361616836
2019-12-30,14.82,0.09848660933279475
2019-12-31,13.78,-0.07275935428242843
2020-01-01,13.78,0.0
2020-01-02,12.47,-0.0998925058935674
2020-01-03,14.02,0.11715912191449881
2020-01-06,13.85,-0.012199648973096491
2020-01-07,13.79,-0.0043415408281371245
2020-01-08,13.45,-0.02496458575736234
2020-01-09,12.54,-0.0700555708430735
2020-01-10,12.56,0.001593625835278026
2020-01-13,12.32,-0.019293202934678896
2020-01-14,12.39,0.0056657375356773
2020-01-15,12.42,0.0024183808642816527
2020-01-16,12.32,-0.008084118399958911
2020-01-17,12.1,-0.018018505502678365
2020-01-20,12.1,0.0
2020-01-21,12.85,0.060138358738533314
2020-01-22,12.91,0.00465839351732231
2020-01-23,12.98,0.005407506417392934
2020-01-24,14.56,0.11486833149259595
2020-01-27,18.23,0.22479054592203176
2020-01-28,16.28,-0.11313122811617742
2020-01-29,16.39,0.0067340321813441194
2020-01-30,15.49,-0.05647673832696107
2020-01-31,18.84,0.1957876147194397
2020-02-03,17.97,-0.04727856835274938
2020-02-04,16.05,-0.1129948512194427
2020-02-05,15.15,-0.05770831762064673
2020-02-06,14.96,-0.012620559409046939
2020-02-07,15.47,0.033522692038643644
2020-02-10,15.04,-0.028189346063281114
2020-02-11,15.18,0.009265453445790191
2020-02-12,13.74,-0.0996674851732806
2020-02-13,14.15,0.0294033372950434
2020-02-14,13.68,-0.03377971189484227
2020-02-17,13.68,0.0
2020-02-18,14.83,0.08071724395543628
2020-02-19,14.38,-0.03081380385694006
2020-02-20,15.56,0.07886516645734483
2020-02-21,17.08,0.09320466961017813
2020-02-24,25.03,0.3821669170832592
2020-02-25,27.85,0.1067578609296101
2020-02-26,27.56,-0.010467520227835274
2020-02-27,39.16,0.35129037151685183
2020-02-28,40.11,0.023969862119651842
2020-03-02,33.42,-0.18247115661471383
2020-03-03,36.82,0.09688665263768408
2020-03-04,31.99,-0.14061782184350524
2020-03-05,39.62,0.2139106873089782
2020-03-06,41.94,0.05690598420336896
2020-03-09,54.46,0.2612264617718398
2020-03-10,47.3,-0.14095619174772628
2020-03-11,53.9,0.13062018241706422
2020-03-12,75.47,0.3366047483818256
2020-03-13,57.83,-0.26622755412665017
2020-03-16,82.69,0.3575910035639485
2020-03-17,75.91,-0.08555024770539854
2020-03-18,76.45,0.0070885043463945795
2020-03-19,72.0,-0.05997081335901607
2020-03-20,66.04,-0.086405499964128
2020-03-23,61.59,-0.06976109935297539
2020-03-24,61.67,0.0012980693044495892
2020-03-25,63.95,0.036303939021450266
2020-03-26,61.0,-0.04722766385154046
2020-03-27,65.54,0.07178677909735734
2020-03-30,57.08,-0.13820685066203303
2020-03-31,53.54,-0.06402475451642924
2020-04-01,57.06,0.06367430769314765
2020-04-02,50.91,-0.11404397787110943
2020-04-03,46.8,-0.08417616499064363
2020-04-06,45.24,-0.03390155167568123
2020-04-07,46.7,0.031762513426932
2020-04-08,43.35,-0.07443746144830075
2020-04-09,41.67,-0.03952525779218881
2020-04-10,41.67,0.0
2020-04-13,41.17,-0.01207160965254878
2020-04-14,37.76,-0.08645949450451353
2020-04-15,40.84,0.07841165201916492
2020-04-16,40.11,-0.018036313514503445
2020-04-17,38.15,-0.050099922051495466
2020-04-20,43.83,0.1387927567002517
2020-04-21,45.41,0.03541383067914189
2020-04-22,41.98,-0.07853903071737288
2020-04-23,41.38,-0.014395642075089799
2020-04-24,35.93,-0.14122507119196964
2020-04-27,33.29,-0.07631554953849375
2020-04-28,33.57,0.008375759405010074
2020-04-29,31.23,-0.0722536396969564
2020-04-30,34.15,0.08938341472181185
2020-05-01,37.19,0.08527732192017964
2020-05-04,35.97,-0.0333546502294461
2020-05-05,33.61,-0.06786161597051829
2020-05-06,34.12,0.015060080886463946
2020-05-07,31.44,-0.0818027550624724
2020-05-08,27.98,-0.1165909983236707
2020-05-11,27.57,-0.014761744201629741
2020-05-12,33.04,0.18099072361707189
2020-05-13,35.28,0.06559728248581327
2020-05-14,32.61,-0.07869724133736279
2020-05-15,31.89,-0.022326508779261522
2020-05-18,29.3,-0.08470496499894466
2020-05-19,30.53,0.041122290723764963
2020-05-20,27.99,-0.08686250321942444
2020-05-21,29.53,0.053559392228469144
2020-05-22,28.16,-0.04750416446598974
2020-05-25,28.16,0.0
2020-05-26,28.01,-0.005340942017824424
2020-05-27,27.62,-0.014021441290871163
2020-05-28,28.59,0.03451685835307424
2020-05-29,27.51,-0.03850743139773717
2020-06-01,28.23,0.025835667328914673
2020-06-02,26.84,-0.05049193016191688
2020-06-03,25.66,-0.04495995291599066
2020-06-04,25.81,0.005828654543031993
2020-06-05,24.52,-0.051272902662511874
2020-06-08,25.81,0.051272902662511874
2020-06-09,27.57,0.06596621130518301
2020-06-10,27.57,0.0
2020-06-11,40.79,0.3917087282937617
2020-06-12,36.09,-0.12242113467476978
2020-06-15,34.4,-0.04795925427534472
2020-06-16,33.67,-0.021449331206369406
2020-06-17,33.47,-0.005957717949747924
2020-06-18,32.94,-0.015961790473741067
2020-06-19,35.12,0.06408304401742156
2020-06-22,31.77,-0.10024832048549104
2020-06-23,31.37,-0.012670426078837952
2020-06-24,33.84,0.07579151253543588
2020-06-25,32.22,-0.04905615698919431
2020-06-26,34.73,0.07501648900715434
2020-06-29,31.78,-0.08876670564741256
2020-06-30,30.43,-0.043408197199690225
2020-07-01,28.62,-0.061323189780574834
2020-07-02,27.68,-0.033395643378836125
2020-07-03,27.68,0.0
2020-07-06,27.94,0.009349223079347
2020-07-07,29.43,0.0519552084165656
2020-07-08,28.08,-0.0469569830877711
2020-07-09,29.26,0.04116381643436809
2020-07-10,27.29,-0.06970106087173124
2020-07-13,32.19,0.16513551059046966
2020-07-14,29.52,-0.08658784557844502
2020-07-15,27.76,-0.061471864093667866
2020-07-16,28.0,0.008608374536600101
2020-07-17,25.68,-0.0864920313534435
2020-07-20,24.46,-0.04867334856273411
2020-07-21,24.84,0.015416126806251694
2020-07-22,24.32,-0.021156199967311738
2020-07-23,26.08,0.06986967996048579
2020-07-24,25.84,-0.00924505814405105
2020-07-27,24.74,-0.04350231195005931
2020-07-28,25.44,0.027901371507579677
2020-07-29,24.1,-0.0541108979753121
2020-07-30,24.76,0.027017607319785947
2020-07-31,24.46,-0.012190317557369091
2020-08-03,24.28,-0.007386164067728783
2020-08-04,23.76,-0.0216494716968533
2020-08-05,22.99,-0.03294415571935415
2020-08-06,22.65,-0.01489948684604718
2020-08-07,22.21,-0.01961721402270685
2020-08-10,22.13,-0.0036084838433779205
2020-08-11,24.03,0.08236889568541927
2020-08-12,22.28,-0.07561363468929426
2020-08-13,22.13,-0.006755260996125091
2020-08-14,22.05,-0.003621552170103266
2020-08-17,21.35,-0.032260862218221435
2020-08-18,21.51,0.007466203605005218
2020-08-19,22.54,0.04677356533199138
2020-08-20,22.72,0.007954085241320357
2020-08-21,22.54,-0.007954085241320375
2020-08-24,22.37,-0.007570733109591865
2020-08-25,22.03,-0.01531561468778645
2020-08-26,23.27,0.05475981649994859
2020-08-27,24.47,0.050282900140379796
2020-08-28,22.96,-0.06369430600321455
2020-08-31,26.41,0.13998915485767516
2020-09-01,26.12,-0.011041421900810509
2020-09-02,26.57,0.017081455363491774
2020-09-03,33.6,0.23474330719743638
2020-09-04,30.75,-0.08863607271663171
2020-09-07,30.75,0.0
2020-09-08,31.46,0.02282690337760498
2020-09-09,28.81,-0.08799434853369473
2020-09-10,29.71,0.030761140378079206
2020-09-11,26.87,-0.10047326684711642
2020-09-14,25.85,-0.03869982167296167
2020-09-15,25.59,-0.010108950782740721
2020-09-16,26.04,0.017432167168671017
2020-09-17,26.46,0.01600034134644112
2020-09-18,25.83,-0.02409755157906064
2020-09-21,27.78,0.07277973021844862
2020-09-22,26.86,-0.03367814623110624
2020-09-23,28.58,0.062068981406629746
2020-09-24,28.51,-0.002452269577140614
2020-09-25,26.38,-0.07764875563541222
2020-09-28,26.19,-0.00722848876954791
2020-09-29,26.27,0.003049945177827885
2020-09-30,26.37,0.0037993966677468778
2020-10-01,26.7,0.012436565041008563
2020-10-02,27.63,0.03423857352912134
2020-10-05,27.96,0.011872778430284345
2020-10-06,29.48,0.052937149955526404
2020-10-07,28.06,-0.04936699264682103
2020-10-08,26.36,-0.06249736504000841
2020-10-09,25.0,-0.05297188476610566
2020-10-12,25.07,0.002796087302001188
2020-10-13,26.07,0.03911331577520824
2020-10-14,26.4,0.012578782206859965
2020-10-15,26.97,0.021361126999368023
2020-10-16,27.41,0.016182773163055948
2020-10-19,29.18,0.06257563277994509
2020-10-20,29.35,0.005809003179465935
2020-10-21,28.65,-0.024139103113357017
2020-10-22,28.11,-0.019028058242308035
2020-10-23,27.55,-0.020122849319516935
2020-10-26,32.46,0.16400602648752172
2020-10-27,33.35,0.027049210275187512
2020-10-28,40.28,0.18879729548872887
2020-10-29,37.59,-0.06911701027427491
2020-10-30,38.02,0.011374279484196505
2020-11-02,37.13,-0.023687068871294396
2020-11-03,35.55,-0.04348511193973901
2020-11-04,29.57,-0.184179822384864
2020-11-05,27.58,-0.06966946149923013
2020-11-06,24.86,-0.10383078628259063
2020-11-09,25.75,0.03517454102718005
2020-11-10,24.8,-0.03759097393880867
2020-11-11,23.45,-0.05597315827864813
2020-11-12,25.35,0.07790823514490385
2020-11-13,23.1,-0.09294611250944432
2020-11-16,22.45,-0.028542003339484662
2020-11-17,22.71,0.01151474192920386
2020-11-18,23.84,0.04855948607968184
2020-11-19,23.11,-0.031099417910859614
2020-11-20,23.7,0.025209623854796175
2020-11-23,22.66,-0.04487379254122522
2020-11-24,21.64,-0.046057801621579506
2020-11-25,21.25,-0.018186558607854997
2020-11-26,21.25,0.0
2020-11-27,20.84,-0.019482678485259638
2020-11-30,20.57,-0.013040513220300339
2020-12-01,20.77,0.009675934223155196
2020-12-02,21.17,0.01907544725875304
2020-12-03,21.28,0.005182579326669905
2020-12-04,20.79,-0.023295562603522182
2020-12-07,21.3,0.024234970845457966
2020-12-08,20.68,-0.029540023075151044
2020-12-09,22.27,0.07407343162904795
2020-12-10,22.52,0.011163322002213375
2020-12-11,23.31,0.03447864977617599
2020-12-14,24.72,0.05873017954182421
2020-12-15,22.89,-0.07691249862501459
2020-12-16,22.5,-0.017184824754100856
2020-12-17,21.93,-0.025659746780577607
2020-12-18,21.57,-0.01655210202873176
2020-12-21,25.16,0.15395197143117467
2020-12-22,24.23,-0.03766389700380541
2020-12-23,23.31,-0.038709081780768644
2020-12-24,21.53,-0.079435141671394
2020-12-25,21.53,0.0
2020-12-28,21.7,0.007864949170142136
2020-12-29,23.08,0.061654181093484875
2020-12-30,22.77,-0.01352256156425056
2020-12-31,22.75,-0.0008787346786887605
2021-01-01,22.75,0.0
2021-01-04,26.97,0.1701599917546791
2021-01-05,25.34,-0.06234096225864551
2021-01-06,25.07,-0.010712262722790983
2021-01-07,22.37,-0.1139511366681637
2021-01-08,21.56,-0.036881029461241985
2021-01-11,24.08,0.11054187439982383
2021-01-12,23.33,-0.031641534407281714
2021-01-13,22.21,-0.04919744812700245
2021-01-14,23.25,0.045762494127029124
2021-01-15,24.34,0.04581595552601579
2021-01-18,24.34,0.0
2021-01-19,23.24,-0.04624615557567066
2021-01-20,21.58,-0.07410797215372185
2021-01-21,21.32,-0.012121360532344737
2021-01-22,21.91,0.02729755430973142
2021-01-25,23.19,0.05677799766006525
2021-01-26,23.02,-0.007357747973703723
2021-01-27,37.21,0.48021413906479454
2021-01-28,30.21,-0.2084045469599505
2021-01-29,33.09,0.09105812653494016
2021-02-01,30.24,-0.09006557062218873
2021-02-02,25.56,-0.1681369218019982
2021-02-03,22.91,-0.1094551330439299
2021-02-04,21.77,-0.05104062121894815
2021-02-05,20.87,-0.04222015415734667
2021-02-08,21.24,0.017573475284628527
2021-02-09,21.63,0.01819504359122934
2021-02-10,21.99,0.016506564601702408
2021-02-11,21.25,-0.03423090919624392
2021-02-12,19.97,-0.0621257479427021
2021-02-15,19.97,0.0
2021-02-16,21.46,0.07195958977482875
2021-02-17,21.5,0.001862197931064621
2021-02-18,22.49,0.04501783083760719
2021-02-19,22.05,-0.01975816407836922
2021-02-22,23.45,0.061557892999433365
2021-02-23,23.11,-0.014605070605998955
2021-02-24,21.34,-0.07968217841268203
2021-02-25,28.89,0.3029122686045366
2021-02-26,27.95,-0.03307831487703574
2021-03-01,23.35,-0.1798202154862018
2021-03-02,24.1,0.03161485638170301
2021-03-03,26.67,0.10132749769731365
2021-03-04,28.57,0.06881787804875882
2021-03-05,24.66,-0.1471747185064834
2021-03-08,25.47,0.03231879125516731
2021-03-09,24.03,-0.05819823924298805
2021-03-10,22.56,-0.06312462311851956
2021-03-11,21.91,-0.029235273022482914
2021-03-12,20.69,-0.05729266184992349
2021-03-15,20.03,-0.03241934207972474
2021-03-16,19.79,-0.012054390063252611
2021-03-17,19.23,-0.028705200013785927
2021-03-18,21.58,0.1152954002293002
2021-03-19,20.95,-0.02962831346184185
2021-03-22,18.88,-0.10403548565079211
2021-03-23,20.3,0.0725177253303872
2021-03-24,21.2,0.04338029563022496
2021-03-25,19.81,-0.06781432096750728
2021-03-26,18.86,-0.0491435835051481
2021-03-29,20.74,0.09502092559606982
2021-03-30,19.61,-0.0560245625931263
2021-03-31,19.4,-0.01076657413897251
2021-04-01,17.33,-0.1128339623417678
2021-04-02,17.33,0.0
2021-04-05,17.91,0.03292011234510589
2021-04-06,18.12,0.011657084542212948
2021-04-07,17.16,-0.0544352065550171
2021-04-08,16.95,-0.012313260233357014
2021-04-09,16.69,-0.015458096152715418
2021-04-12,16.91,0.01309542523674514
2021-04-13,16.65,-0.015494946484036206
2021-04-14,16.99,0.020214719257387763
2021-04-15,16.57,-0.02503110424536897
2021-04-16,16.25,-0.019500922662725104
2021-04-19,17.29,0.0620353909194527
2021-04-20,18.68,0.0773251331054975
2021-04-21,17.5,-0.06525255187122822
2021-04-22,18.71,0.0668572593565299
2021-04-23,17.33,-0.0766190365584837
2021-04-26,17.64,0.017729946851130707
2021-04-27,17.56,-0.004545462371674722
2021-04-28,17.28,-0.016073824831060908
2021-04-29,17.61,0.018917159132205087
2021-04-30,18.61,0.05523214814604466
2021-05-03,18.31,-0.01625171196774008
2021-05-04,19.48,0.06194093952796975
2021-05-05,19.15,-0.017085582587734117
2021-05-06,18.39,-0.040495677010425155
2021-05-07,16.69,-0.09699730094248603
2021-05-10,19.66,0.16377637704527678
2021-05-11,21.84,0.10515703615768388
2021-05-12,27.59,0.23371023735249039
2021-05-13,23.13,-0.17632291198584696
2021-05-14,18.81,-0.2067418329304088
2021-05-17,19.72,0.04724470586155038
2021-05-18,21.34,0.07894989669911809
2021-05-19,22.18,0.03860773604861377
2021-05-20,20.67,-0.07050760822854403
2021-05-21,20.15,-0.025479085300985013
2021-05-24,18.4,-0.09085362377775211
2021-05-25,18.84,0.023631604533277038
2021-05-26,17.36,-0.08181355991601287
2021-05-27,16.74,-0.03636764417087495
2021-05-28,16.76,0.0011940299926079903
2021-05-31,16.76,0.0
2021-06-01,17.9,0.06580561779277215
2021-06-02,17.48,-0.02374334261931983
2021-06-03,18.04,0.0315341444070881
2021-06-04,16.42,-0.09409141061019524
2021-06-07,16.42,0.0
2021-06-08,17.07,0.038822432782066964
2021-06-09,17.89,0.04691936071427864
2021-06-10,16.1,-0.10542262553021042
2021-06-11,15.65,-0.0283483550042552
2021-06-14,16.39,0.046200475769576005
2021-06-15,17.02,0.03771773038948974
2021-06-16,18.15,0.06428143756563162
2021-06-17,17.75,-0.022285044789434872
2021-06-18,20.7,0.1537481843498986
2021-06-21,17.89,-0.14589180275069558
2021-06-22,16.66,-0.07123126078193112
2021-06-23,16.32,-0.020619287202735703
2021-06-24,15.97,-0.021679387309039806
2021-06-25,15.62,-0.02215981781538123
2021-06-28,15.76,0.008922940018193248
2021-06-29,16.02,0.016362857210480062
2021-06-30,15.83,-0.0119310677472923
2021-07-01,15.48,-0.02235800573133971
2021-07-02,15.07,-0.026842855523176938
2021-07-05,15.07,0.0
2021-07-06,16.44,0.0870113769896299
2021-07-07,16.2,-0.014706147389695562
2021-07-08,19.0,0.15942773692810217
2021-07-09,16.18,-0.1606630675360949
2021-07-12,16.17,-0.0006182380413300661
2021-07-13,17.12,0.05708969712458059
2021-07-14,16.33,-0.04724346373122244
2021-07-15,17.01,0.0407974994253969
2021-07-16,18.45,0.08126296407876558
2021-07-19,22.5,0.19845093872383823
2021-07-20,19.73,-0.13137498917585042
2021-07-21,17.91,-0.0967811039619036
2021-07-22,17.69,-0.012359707900926494
2021-07-23,17.2,-0.028090124352286715
2021-07-26,17.58,0.02185250843762349
2021-07-27,19.36,0.09644718959140004
2021-07-28,18.31,-0.055761723162011646
2021-07-29,17.7,-0.0338827191066359
2021-07-30,18.24,0.030052345066401837
2021-08-02,19.46,0.06474409211167378
2021-08-03,18.04,-0.07576956212338146
2021-08-04,17.97,-0.0038878138390099504
2021-08-05,17.28,-0.03915393741955795
2021-08-06,16.15,-0.06762971370724422
2021-08-09,16.72,0.03468555798789011
2021-08-10,16.79,0.004177863432894006
2021-08-11,16.06,-0.04445176257083392
2021-08-12,15.59,-0.029702025448930355
2021-08-13,15.45,-0.009020679725930672
2021-08-16,16.12,0.042451733734727805
2021-08-17,17.91,0.10529847899413819
2021-08-18,21.57,0.18594424432844467
2021-08-19,21.67,0.004625355147202788
2021-08-20,18.56,-0.15492008819021336
2021-08-23,17.15,-0.07901055374610566
2021-08-24,17.22,0.004073325387635869
2021-08-25,16.79,-0.02528802791013531
2021-08-26,18.84,0.11519879805876758
2021-08-27,16.39,-0.13931087639247858
2021-08-30,16.19,-0.012277625066194557
2021-08-31,16.48,0.017753756791781816
2021-09-01,16.11,-0.022707327292442705
2021-09-02,16.41,0.018450707913116607
2021-09-03,16.41,0.0
2021-09-06,16.41,0.0
2021-09-07,18.14,0.10022853958499102
2021-09-08,17.96,-0.00997238181293695
2021-09-09,18.8,0.045709806961850036
2021-09-10,20.95,0.10828177653224315
2021-09-13,19.37,-0.07841316894924216
2021-09-14,19.46,0.004635599338954411
2021-09-15,18.18,-0.06803898800852634
2021-09-16,18.69,0.02766653271813886
2021-09-17,20.81,0.1074450189380715
2021-09-20,25.71,0.21144638087225512
2021-09-21,24.36,-0.053937578436101884
2021-09-22,20.87,-0.1546297217525868
2021-09-23,18.63,-0.11353953647561237
2021-09-24,17.75,-0.048387668692072276
2021-09-27,18.76,0.05534142765665383
2021-09-28,23.25,0.2145781884552866
2021-09-29,22.56,-0.030126705403507273
2021-09-30,23.14,0.025384295135672443
2021-10-01,21.15,-0.08992281627324367
2021-10-04,22.96,0.08211366595907871
2021-10-05,21.3,-0.07504649873598626
2021-10-06,21.0,-0.014184634991956413
2021-10-07,19.54,-0.07205879110878634
2021-10-08,18.77,-0.04020379601621917
2021-10-11,20.0,0.06347242295557366
2021-10-12,19.85,-0.0075282664207915245
2021-10-13,18.64,-0.06289419787575438
2021-10-14,16.86,-0.10036585668373584
2021-10-15,16.3,-0.03377884476099264
2021-10-18,16.31,0.0006133088202056268
2021-10-19,15.7,-0.038117704278660056
2021-10-20,15.49,-0.013466057925485107
2021-10-21,15.01,-0.03147800878340669
2021-10-22,15.43,0.02759702072969895
2021-10-25,15.24,-0.012390116116569278
2021-10-26,15.98,0.04741439007962845
2021-10-27,16.98,0.060698240545072585
2021-10-28,16.53,-0.026859269050268413
2021-10-29,16.26,-0.016468807713268252
2021-11-01,16.41,0.009182800982334982
2021-11-02,16.03,-0.02342893848053786
2021-11-03,15.1,-0.05976722280058303
2021-11-04,15.44,0.02226680077575145
2021-11-05,16.48,0.06518597988469554
2021-11-08,17.22,0.04392397451825903
2021-11-09,17.78,0.03200273108617395
2021-11-10,18.73,0.05205228637023869
2021-11-11,17.66,-0.05882432128018317
2021-11-12,16.29,-0.0807507725618603
2021-11-15,16.49,0.012202713957553742
2021-11-16,16.37,-0.007303745188463861
2021-11-17,17.11,0.04421269652105846
2021-11-18,17.59,0.027667470845364785
2021-11-19,17.91,0.018028657323153587
2021-11-22,19.17,0.0679873409849328
2021-11-23,19.38,0.010895049405066982
2021-11-24,18.58,-0.04215587307692779
2021-11-25,18.58,0.0
2021-11-26,28.62,0.43202004074261247
2021-11-29,22.96,-0.22035220267693922
2021-11-30,27.19,0.16909568719301363
2021-12-01,31.12,0.13500144066581152
2021-12-02,27.95,-0.10743349970908281
2021-12-03,30.67,0.09286777852505201
2021-12-06,27.18,-0.12080356940316256
2021-12-07,21.89,-0.21645149718822604
2021-12-08,19.9,-0.09531017980432502
2021-12-09,21.58,0.0810472280995419
2021-12-10,18.69,-0.14377833836251702
2021-12-13,20.31,0.08312475412482166
2021-12-14,21.89,0.0749165359424783
2021-12-15,19.29,-0.12644308461713394
2021-12-16,20.57,0.06424687674722813
2021-12-17,21.57,0.047469756736199284
2021-12-20,22.87,0.058522547633624744
2021-12-21,21.01,-0.08482749317778074
2021-12-22,18.63,-0.1202253302434121
2021-12-23,17.96,-0.036626121739443476
2021-12-24,17.96,0.0
2021-12-27,17.68,-0.015713005664556225
2021-12-28,17.54,-0.007950070265460478
2021-12-29,16.95,-0.03421615311757772
2021-12-30,17.33,0.022171269901055363
2021-12-31,17.22,-0.006367604727929907
2022-01-03,16.6,-0.036668803637087
2022-01-04,16.91,0.01850246754799135
2022-01-05,19.73,0.15423515712403513
2022-01-06,19.61,-0.006100679826269165
2022-01-07,18.76,-0.04431269663017613
2022-01-10,19.4,0.03354612249120359
2022-01-11,18.41,-0.05237907082429589
2022-01-12,17.62,-0.04385937473695304
2022-01-13,20.31,0.14207875508425982
2022-01-14,19.19,-0.056724065572684584
2022-01-17,19.19,0.0
2022-01-18,22.79,0.17193253323798421
2022-01-19,23.85,0.04546237407675741
2022-01-20,25.59,0.07041743283734721
2022-01-21,28.85,0.11990834278241122
2022-01-24,29.9,0.03574848744253209
2022-01-25,31.16,0.041276740605906914
2022-01-26,31.96,0.02534989989552639
2022-01-27,30.49,-0.04708635989791053
2022-01-28,27.66,-0.09741143476355116
2022-01-31,24.83,-0.10793472671653695
2022-02-01,21.96,-0.1228299828787453
2022-02-02,22.09,0.005902400790695801
2022-02-03,24.35,0.09740683209657312
2022-02-04,23.22,-0.04751787325885351
2022-02-07,22.86,-0.01562531790308087
2022-02-08,21.44,-0.06413032216406334
2022-02-09,19.96,-0.07152806531928332
2022-02-10,23.91,0.1805665105869154
2022-02-11,27.36,0.13478531128411625
2022-02-14,28.33,0.03483922108807537
2022-02-15,25.7,-0.09743032194125102
2022-02-16,24.29,-0.056426248887093015
2022-02-17,28.11,0.14606064190435936
2022-02-18,27.75,-0.012889544725996958
2022-02-21,27.75,0.0
2022-02-22,28.81,0.03748670890399365
2022-02-23,31.02,0.07390960865195559
2022-02-24,30.32,-0.02282459697422188
2022-02-25,27.59,-0.09435417254497618
2022-02-28,30.15,0.08873153494399973
2022-03-01,33.32,0.09997289412544748
2022-03-02,30.74,-0.08059307918819225
2022-03-03,30.48,-0.008494007292004188
2022-03-04,31.98,0.048039976587362566
2022-03-07,36.45,0.13083075104885902
2022-03-08,35.13,-0.03688599217693148
2022-03-09,32.45,-0.07935502312763662
2022-03-10,30.23,-0.07086563435873244
2022-03-11,30.75,0.0170551854611602
2022-03-14,31.77,0.03263245402889793
2022-03-15,29.83,-0.06300784975476766
2022-03-16,26.67,-0.11197526033273407
2022-03-17,25.67,-0.03821634331087388
2022-03-18,23.87,-0.07270055453231034
2022-03-21,23.53,-0.014346237611467631
2022-03-22,22.94,-0.025394091038046514
2022-03-23,23.57,0.027092605246814973
2022-03-24,21.67,-0.08404590139977201
2022-03-25,20.81,-0.040495175142724826
2022-03-28,19.63,-0.058374632117173364
2022-03-29,18.9,-0.03789708622277308
2022-03-30,19.33,0.022496371154642827
2022-03-31,20.56,0.061689147366724865
2022-04-01,19.63,-0.04628843229859461
2022-04-04,18.57,-0.05551163292375521
2022-04-05,21.03,0.1244026143499941
2022-04-06,22.1,0.04962761880909874
2022-04-07,21.55,-0.025201791973950362
2022-04-08,21.16,-0.01826320955965817
2022-04-11,24.37,0.14124026064701617
2022-04-12,24.26,-0.004523964121210731
2022-04-13,21.82,-0.10600192311097936
2022-04-14,22.7,0.03953794408243218
2022-04-15,22.7,0.0
2022-04-18,22.17,-0.023624900859136762
2022-04-19,21.37,-0.036751954297163825
2022-04-20,20.32,-0.05038244662077515
2022-04-21,22.68,0.10987785614927019
2022-04-22,28.21,0.2181930461543536
2022-04-25,27.02,-0.04309919248185219
2022-04-26,33.52,0.21556494308182958
2022-04-27,31.6,-0.05898515502101594
2022-04-28,29.99,-0.05229312783194876
2022-04-29,33.4,0.107691907221737
2022-05-02,32.34,-0.03225104583369378
2022-05-03,29.25,-0.10042528047109535
2022-05-04,25.42,-0.1403433079165574
2022-05-05,31.2,0.2048818290541286
2022-05-06,30.19,-0.032907351096689116
2022-05-09,34.75,0.14066882829205374
2022-05-10,32.99,-0.05197508677031099
2022-05-11,32.56,-0.013119944106150474
2022-05-12,31.77,-0.024562092852914878
2022-05-13,28.87,-0.09571945460658098
2022-05-16,27.47,-0.04970849356766125
2022-05-17,26.1,-0.05115918577853464
2022-05-18,30.96,0.1707607343928786
2022-05-19,29.35,-0.053403502447420856
2022-05-20,29.43,0.002722015971275821
2022-05-23,28.48,-0.03281247570160639
2022-05-24,29.45,0.03349182355382076
2022-05-25,28.37,-0.037361661276835656
2022-05-26,27.5,-0.031146244148234387
2022-05-27,25.72,-0.06691710530310699
2022-05-30,26.54,0.03138412953464273
2022-05-31,26.19,-0.01327537038444086
2022-06-01,25.69,-0.01927584739782829
2022-06-02,24.72,-0.038489178532302284
2022-06-03,24.79,0.002827713457609205
2022-06-06,25.07,0.011231566123103002
2022-06-07,24.02,-0.04278509551836457
2022-06-08,23.96,-0.002501043404588837
2022-06-09,26.09,0.08516632590138844
2022-06-10,27.75,0.061683741043806396
2022-06-13,34.02,0.2037127467752723
2022-06-14,32.69,-0.03987936623159667
2022-06-15,29.62,-0.09861941189646643
2022-06-16,32.95,0.10654145210886365
2022-06-17,31.13,-0.05681927649499957
2022-06-20,31.03,-0.0032175059932278596
2022-06-21,30.19,-0.027443734741541385
2022-06-22,28.95,-0.041940539699743234
2022-06-23,29.05,0.0034482792789159236
2022-06-24,27.23,-0.06469917661225205
2022-06-27,26.95,-0.01033600933066206
2022-06-28,28.36,0.05099640430892059
2022-06-29,28.16,-0.007077170374085087
2022-06-30,28.71,0.019342962843130935
2022-07-01,26.7,-0.07258192872676886
2022-07-04,27.53,0.03061275374831211
2022-07-05,27.54,0.0003631741459926869
2022-07-06,26.73,-0.02985296314968116
2022-07-07,26.08,-0.024617793092375544
2022-07-08,24.64,-0.05679759839313307
2022-07-11,26.17,0.06024257787673551
2022-07-12,27.29,0.04190661817819258
2022-07-13,26.82,-0.01737245686671458
2022-07-14,26.4,-0.015783867701262
2022-07-15,24.23,-0.08577247532383607
2022-07-18,25.3,0.043212860905040264
2022-07-19,24.5,-0.032131278182793294
2022-07-20,23.88,-0.025631829026280046
2022-07-21,23.11,-0.032775864238112
2022-07-22,23.03,-0.003467710453695508
2022-07-25,23.36,0.014227444127432336
2022-07-26,24.69,0.05537314539706198
2022-07-27,23.24,-0.06052337137337781
2022-07-28,22.33,-0.03994386613164402
2022-07-29,21.33,-0.045816533368807304
2022-08-01,22.84,0.06839885230455024
2022-08-02,23.93,0.046619517132472504
2022-08-03,21.95,-0.08636576239910163
2022-08-04,21.44,-0.02350880331857905
2022-08-05,21.15,-0.013618430710314393
2022-08-08,21.29,0.006597573413101136
2022-08-09,21.77,0.02229539634106803
2022-08-10,19.74,-0.09788584124112062
2022-08-11,20.2,0.0230355704018236
2022-08-12,19.53,-0.033730859518571424
2022-08-15,19.95,0.02127739844728488
2022-08-16,19.69,-0.013118250684838155
2022-08-17,19.9,0.010608839079412413
2022-08-18,19.56,-0.017233067123775443
2022-08-19,20.6,0.05180441118886418
2022-08-22,23.8,0.14439450488189357
2022-08-23,24.11,0.012941111515650625
2022-08-24,22.82,-0.0549893477591501
2022-08-25,21.78,-0.04664522692911516
2022-08-26,25.56,0.16003651200451952
2022-08-29,26.21,0.025112387825980898
2022-08-30,26.21,0.0
2022-08-31,25.87,-0.013057021137377153
2022-09-01,25.56,-0.012055366688603752
2022-09-02,25.47,-0.0035273405179684107
2022-09-05,25.99,0.02021055966203332
2022-09-06,26.91,0.034786116085415604
2022-09-07,24.64,-0.08812682607349537
2022-09-08,23.61,-0.04270078756789757
2022-09-09,22.79,-0.03534850783982872
2022-09-12,23.87,0.04630059709314601
2022-09-13,27.27,0.1331647565067584
2022-09-14,26.16,-0.04155567026849922
2022-09-15,26.27,0.004196077108450419
2022-09-16,26.3,0.0011413354862703858
2022-09-19,25.76,-0.02074603794756593
2022-09-20,27.16,0.05292240145434253
2022-09-21,27.99,0.030102000836866667
2022-09-22,27.35,-0.023130774659371803
2022-09-23,29.92,0.08981062423828633
2022-09-26,32.26,0.07530091959078623
2022-09-27,32.6,0.010484215675599155
2022-09-28,30.18,-0.07713283503295913
2022-09-29,31.84,0.05354390763647936
2022-09-30,31.62,-0.006933529194856294
